Time,Temperature,Gas,Relative Humidity,Pressure,Altitude
16:09:16,34.0446484375,28514,100,749.8310473150767,2468.4409681722677
16:09:18,23.2253125,9834,42.33311390144619,1008.5235509110934,39.4254433392
16:09:20,23.1462109375,14736,42.15598344403524,1008.5390262912297,39.29611232416447
16:09:22,23.0909375,19024,42.011727159704925,1008.5494530298103,39.20897477723287
